MAG	AHKs	AI	AI_2	DSF	HSLs	PQS	Unclassified	cdiGMP
MAG001	0	3	1	2	7	0	1	10
MAG002	0	24	14	6	16	2	4	18
MAG003	0	1	0	3	2	0	1	2
MAG004	1	6	3	3	8	0	0	8
MAG005	0	3	14	6	9	0	2	37
MAG006	0	2	7	3	6	0	1	28
MAG007	0	6	7	3	6	0	3	32
MAG008	0	0	1	5	2	0	0	28
MAG009	0	3	2	0	3	0	0	1
MAG010	0	2	1	13	8	0	1	17
MAG011	0	0	4	0	1	0	1	7
MAG012	0	6	0	3	8	1	1	5
MAG013	0	5	1	4	6	0	0	4
MAG014	0	6	1	5	14	0	0	7
MAG015	0	0	1	4	2	0	0	19
MAG016	0	5	4	3	2	0	2	6
MAG017	0	5	3	2	5	0	0	11
MAG018	0	5	5	6	12	1	1	6
MAG019	0	3	1	1	5	0	0	1
MAG020	0	3	4	8	9	0	3	4
MAG021	0	5	1	5	10	2	0	6
MAG022	0	10	9	2	8	0	1	18
MAG023	0	4	0	1	10	0	2	3
MAG024	0	0	0	0	1	0	1	1
MAG025	0	11	5	8	12	0	1	8
MAG026	0	3	2	5	2	0	2	7
MAG027	0	4	2	6	3	0	3	4
MAG028	0	4	1	2	5	0	2	8
MAG029	0	1	0	0	9	0	2	1
MAG030	0	4	0	1	10	0	1	4
MAG031	0	3	1	8	5	0	1	11
MAG032	0	8	5	15	29	0	2	23
MAG033	0	13	1	12	32	0	0	24
MAG034	0	7	9	4	9	0	3	35
MAG035	0	2	4	3	5	0	0	5
MAG036	0	1	0	2	7	0	1	2
MAG037	3	12	15	19	30	1	2	20
MAG038	0	8	19	8	6	0	5	43
MAG039	0	1	1	2	7	0	0	27
MAG040	0	6	0	3	8	0	1	3
MAG041	0	4	3	12	15	1	0	23
MAG042	0	9	17	10	16	1	6	17
MAG043	0	11	11	18	15	2	1	20
MAG044	0	1	6	2	4	1	0	5
MAG045	0	2	2	12	31	0	0	21
MAG046	0	9	19	7	17	1	7	16
MAG047	0	3	3	2	8	0	2	20
MAG048	0	2	2	0	5	0	0	6
MAG049	0	2	1	1	4	0	0	6
MAG050	0	2	1	0	3	0	0	5
MAG051	0	1	15	5	8	0	1	37
MAG052	0	1	2	1	6	0	0	9
MAG053	0	0	0	1	2	0	0	3
MAG054	0	4	3	1	5	0	3	15
MAG055	0	7	2	7	23	0	0	6
MAG056	0	1	3	2	3	0	1	5
MAG057	0	2	0	1	9	0	1	3
MAG058	0	0	0	1	6	0	1	3
MAG059	0	0	0	2	3	0	1	2
MAG060	0	1	2	9	3	1	0	4
MAG061	0	4	9	0	7	0	1	18
MAG062	0	2	4	2	4	0	2	7
MAG063	0	2	7	3	11	0	2	12
MAG064	0	0	0	1	1	0	0	1
MAG065	0	4	0	2	4	0	0	6
MAG066	0	1	3	4	1	0	2	4
MAG067	0	7	2	11	23	1	2	15
MAG068	0	3	1	1	3	0	0	26
MAG069	0	2	3	4	8	1	0	26
MAG070	0	1	1	1	9	0	1	6
MAG071	0	0	2	2	9	0	0	29
MAG072	0	1	3	4	16	0	1	25
MAG073	0	6	7	3	14	0	2	9
MAG074	0	1	0	1	8	0	1	2
MAG075	0	6	4	4	15	0	5	35
MAG076	0	3	1	6	15	0	2	37
MAG077	0	3	2	7	11	1	0	11
MAG078	0	2	1	10	8	0	1	21
MAG079	0	11	4	9	35	0	2	18
MAG080	0	1	9	3	17	0	0	4
MAG081	0	5	14	4	4	0	2	37
MAG082	0	1	6	14	11	1	0	20
MAG083	0	1	11	3	7	0	1	17
MAG084	0	1	0	1	8	0	1	0
MAG085	0	1	1	3	9	1	0	25
MAG086	0	7	3	4	16	0	2	36
MAG087	0	3	7	2	10	0	1	35
MAG088	0	6	4	8	7	0	1	10
MAG089	0	3	3	2	12	0	1	30
MAG090	0	2	0	3	3	0	0	6
MAG091	0	3	15	14	14	0	2	27
MAG092	0	4	17	5	5	0	5	36
MAG093	0	1	0	1	5	0	1	1
MAG094	0	2	0	3	4	0	1	7
MAG095	0	9	3	11	9	0	0	15
MAG096	0	2	5	3	2	0	1	5
MAG097	0	2	7	4	4	0	1	31
MAG098	0	5	10	5	8	0	0	30
MAG099	0	4	7	5	6	0	0	28
MAG100	0	2	4	3	8	0	1	30
MAG101	0	15	11	5	12	1	1	25
MAG102	0	2	4	3	12	0	4	39
MAG103	0	3	1	1	3	0	0	28
MAG104	0	3	10	3	10	0	1	47
MAG105	0	5	3	8	12	0	3	7
MAG106	0	6	8	14	9	1	4	10
MAG107	0	1	1	2	12	0	3	6
MAG108	0	3	5	4	2	0	0	12
MAG109	0	28	10	6	18	1	1	36
MAG110	0	4	15	1	5	0	2	33
MAG111	0	5	12	4	7	0	4	13
MAG112	0	0	0	3	3	0	1	1
MAG113	0	2	0	2	8	0	1	2
MAG114	0	2	39	16	13	0	4	45
MAG115	0	0	5	2	3	0	0	8
MAG116	0	15	10	8	17	1	0	28
MAG117	0	2	2	2	3	0	0	9
MAG118	0	0	1	2	5	0	0	16
MAG119	0	3	3	9	7	0	0	10
MAG120	2	3	1	7	12	0	2	8
MAG121	0	8	0	15	35	1	4	25
MAG122	0	3	0	2	0	0	0	0
MAG123	0	4	6	5	6	1	3	37
MAG124	0	2	19	2	12	0	0	21
MAG125	0	1	0	1	6	0	2	2
MAG126	0	3	3	1	2	0	1	8
MAG127	0	0	1	7	6	0	1	13
MAG128	0	2	0	1	9	0	1	6
MAG129	0	2	0	1	6	0	1	4
MAG130	0	3	1	0	4	0	0	6
MAG131	0	2	2	4	8	0	2	14
MAG132	0	1	0	1	7	0	1	1
MAG133	0	2	4	3	2	0	1	18
MAG134	0	2	4	4	8	0	0	8
MAG135	0	11	19	11	20	1	7	27
MAG136	0	0	1	3	4	1	2	10
MAG137	0	2	2	3	8	0	1	15
MAG138	0	0	2	2	13	0	0	5
MAG139	0	6	14	5	15	0	0	21
MAG140	0	2	2	3	3	0	0	13
MAG141	0	6	4	11	14	1	3	18
MAG142	0	1	0	3	1	1	2	10
MAG143	0	5	3	13	20	0	1	20
MAG144	0	4	5	1	5	0	0	14
MAG145	0	2	2	0	0	0	0	4
MAG146	0	0	0	2	3	0	2	5
MAG147	0	2	4	8	4	0	1	20
MAG148	0	2	0	2	10	0	2	3
MAG149	0	3	2	3	1	0	2	3
MAG150	0	6	20	4	9	0	3	61
MAG151	0	3	2	7	6	0	0	12
MAG152	0	4	1	3	11	0	1	8
MAG153	0	14	9	7	10	0	1	14
MAG154	0	2	0	1	6	0	2	6
MAG155	0	2	2	6	3	0	2	15
MAG156	0	2	0	1	7	0	1	1
MAG157	0	4	4	25	16	1	1	28
MAG158	0	9	6	16	13	0	3	16
MAG159	0	15	14	13	36	0	1	24
MAG160	0	4	3	7	6	0	2	10
MAG161	0	2	1	5	6	0	0	13
MAG162	0	4	1	2	4	0	1	17
MAG163	0	1	4	8	11	0	1	16
MAG164	0	5	8	1	7	0	0	6
MAG165	0	4	29	15	9	0	3	71
MAG166	0	5	2	18	6	0	2	9
MAG167	0	3	24	6	13	0	4	47
MAG168	0	4	4	8	7	1	2	45
MAG169	0	2	11	2	4	0	1	23
MAG170	0	6	13	6	21	0	0	38
MAG171	0	0	0	2	6	0	1	3
MAG172	0	2	4	2	7	0	1	33
MAG173	0	2	2	3	11	0	2	6
MAG174	0	1	1	0	0	0	1	2
MAG175	0	3	14	8	4	0	1	47
MAG176	1	3	17	6	16	0	2	63
MAG177	0	0	1	0	0	0	1	1
MAG178	0	18	7	8	9	1	3	18
MAG179	0	2	1	2	10	0	2	3
MAG180	0	2	1	1	5	0	0	3
MAG181	0	4	27	13	12	0	8	54
MAG182	0	3	12	4	6	0	2	40
MAG183	0	0	0	0	0	0	0	1
MAG184	0	0	0	1	2	0	1	3
MAG185	0	3	5	2	9	0	1	30
MAG186	0	2	5	5	8	0	1	24
MAG187	0	3	6	3	6	0	3	31
MAG188	1	8	2	12	26	0	5	20
MAG189	0	3	8	3	6	0	2	18
MAG190	0	0	0	0	0	0	0	3
MAG191	0	2	6	4	9	0	2	9
MAG192	0	6	0	5	18	1	0	4
MAG193	0	0	0	0	0	0	0	1
MAG194	0	6	9	1	6	2	1	11
MAG195	0	3	3	7	8	0	0	9
MAG196	0	4	15	11	10	0	3	18
MAG197	0	5	4	4	9	2	0	9
MAG198	0	1	1	2	0	0	2	10
MAG199	0	1	0	2	11	0	2	3
MAG200	0	18	16	11	24	0	4	59
MAG201	0	2	24	8	0	0	2	40
MAG202	0	0	1	3	8	0	0	6
MAG203	0	2	0	0	6	0	0	3
MAG204	0	4	12	3	0	0	1	21
MAG205	0	0	0	0	0	0	0	1
MAG206	0	0	1	1	1	0	0	1
MAG207	0	4	3	1	0	0	0	6
MAG208	1	4	15	5	5	0	2	29
MAG209	0	3	1	1	6	0	0	11
MAG210	0	1	2	2	1	0	2	29
MAG211	0	5	18	12	8	0	3	20
MAG212	0	2	12	12	7	0	3	22
MAG213	0	3	1	10	11	0	0	14
MAG214	0	1	5	1	3	0	0	10
MAG215	0	2	1	5	3	0	0	3
MAG216	0	2	3	2	1	0	1	8
MAG217	0	1	0	2	4	0	1	0
MAG218	0	8	3	8	15	0	0	19
MAG219	0	4	2	2	11	0	1	9
MAG220	0	4	11	1	0	0	2	14
MAG221	0	3	1	2	6	0	6	14
MAG222	1	5	12	7	13	0	3	42
MAG223	0	0	6	5	4	0	2	20
MAG224	0	4	8	11	5	0	2	16
MAG225	0	0	4	1	3	1	0	4
MAG226	0	7	0	4	5	0	1	11
MAG227	0	6	17	4	10	0	2	38
MAG228	0	1	3	3	1	0	2	6
MAG229	0	3	11	4	0	0	2	47
MAG230	0	7	3	3	7	0	0	9
MAG231	0	2	2	2	8	0	2	4
MAG232	0	4	14	5	3	0	1	51
MAG233	0	3	3	3	7	0	0	15
MAG234	0	5	10	8	6	0	1	42
MAG235	0	1	7	0	4	1	0	10
MAG236	0	18	7	7	12	0	0	17
MAG237	0	1	0	2	7	0	1	3
MAG238	0	2	3	4	2	0	1	11
MAG239	0	4	12	5	3	0	0	26
MAG240	0	2	1	2	5	0	1	27
MAG241	0	2	8	9	5	0	1	14
MAG242	0	6	30	13	13	0	6	21
MAG243	0	6	32	8	20	0	16	49
MAG244	0	2	3	8	11	0	2	30
MAG245	0	16	11	6	7	1	3	19
MAG246	0	3	0	1	5	0	0	2
MAG247	0	11	6	14	33	0	1	19
MAG248	0	3	4	2	4	0	3	12
MAG249	0	6	2	1	10	0	3	21
MAG250	0	5	2	1	7	0	1	5
MAG251	0	4	5	10	6	0	3	9
MAG252	0	7	2	15	21	0	1	18
MAG253	0	3	0	4	4	0	2	7
MAG254	0	6	4	26	13	0	0	14
MAG255	0	4	7	1	4	0	1	28
MAG256	0	6	10	4	3	0	0	26
MAG257	1	0	5	3	3	0	0	8
MAG258	0	4	4	14	8	0	0	6
MAG259	0	6	7	4	7	0	0	7
MAG260	0	4	1	1	7	0	0	2
MAG261	0	1	2	1	2	0	0	15
MAG262	0	4	1	8	11	1	1	23
MAG263	0	1	0	0	1	0	0	1
MAG264	0	6	13	8	9	0	6	38
MAG265	0	0	0	0	1	0	1	1
MAG266	0	0	1	1	7	0	0	19
MAG267	0	3	22	8	7	0	2	70
MAG268	0	3	3	6	11	0	0	13
MAG269	0	0	0	6	3	0	1	4
MAG270	0	1	5	2	4	0	0	13
MAG271	0	4	1	8	8	1	0	13
MAG272	0	2	3	4	2	0	1	21
MAG273	0	2	0	8	5	0	0	17
MAG274	0	2	0	1	10	0	1	2
MAG275	0	3	1	5	7	0	1	16
MAG276	0	1	0	2	5	0	0	5
MAG277	0	2	7	1	13	0	2	34
MAG278	0	2	0	3	0	1	0	1
MAG279	0	3	1	4	11	0	0	5
MAG280	0	1	0	14	6	1	0	3
MAG281	0	3	2	2	6	0	1	17
MAG282	0	5	5	5	4	0	5	15
MAG283	0	3	3	1	4	0	2	22
MAG284	0	0	1	2	1	0	0	5
MAG285	0	16	72	2	4	0	26	33
MAG286	0	6	14	5	13	1	5	17
MAG287	0	1	5	1	6	0	2	17
MAG288	0	4	5	9	15	0	0	23
MAG289	0	18	5	4	16	1	2	13
MAG290	0	3	4	3	7	0	1	13
MAG291	0	7	2	4	7	0	0	1
MAG292	0	2	0	3	4	0	2	11
MAG293	0	0	0	1	1	1	2	0
MAG294	0	0	1	0	0	0	0	1
MAG295	0	0	0	5	5	0	0	9
MAG296	0	1	2	2	3	0	3	33
MAG297	0	3	0	3	4	1	3	14
MAG298	0	7	14	11	17	0	4	45
MAG299	0	2	1	4	5	0	1	17
MAG300	0	0	2	8	9	0	0	22
MAG301	0	1	1	3	5	0	0	20
MAG302	0	1	1	4	6	0	0	3
MAG303	0	4	0	8	17	0	1	1
MAG304	0	4	2	2	9	0	1	25
MAG305	1	8	2	13	16	1	0	12
MAG306	0	2	21	8	5	0	3	63
MAG307	0	3	2	11	7	0	0	11
MAG308	0	1	0	8	8	0	0	13
MAG309	0	6	4	18	7	1	0	11
MAG310	0	1	2	0	2	0	0	4
MAG311	0	0	2	4	4	0	1	10
MAG312	0	9	0	19	43	1	3	26
MAG313	0	5	4	18	9	0	1	13
MAG314	1	14	0	11	26	0	1	24
MAG315	0	2	0	5	2	0	1	17
MAG316	0	1	3	1	0	0	0	1
MAG317	0	3	4	11	5	0	0	11
MAG318	0	6	4	3	7	0	4	14
MAG319	0	1	4	3	8	0	2	13
MAG320	0	2	0	2	1	1	0	2
MAG321	0	2	0	5	7	0	3	28
MAG323	0	3	7	3	3	0	0	23
MAG324	0	2	9	4	7	0	1	38
MAG325	0	4	0	4	15	1	0	20
MAG326	0	1	1	0	0	0	2	0
MAG327	0	9	2	2	7	0	0	8
MAG328	0	5	4	5	8	0	8	32
MAG329	0	1	2	1	0	0	1	13
MAG330	0	3	2	3	14	0	1	35
MAG331	0	0	0	1	3	0	1	2
MAG332	0	5	0	2	3	0	0	2
MAG333	2	4	6	4	3	0	0	6
MAG334	0	3	1	1	15	0	0	6
MAG335	0	3	14	14	15	0	2	30
MAG336	0	2	4	5	8	0	0	30
MAG337	0	2	0	2	6	0	0	4
MAG338	0	3	1	6	8	0	0	5
MAG339	0	8	11	7	13	1	4	16
MAG340	0	3	5	1	3	1	1	13
MAG341	0	4	1	2	10	0	1	4
MAG342	0	0	0	1	13	0	1	4
MAG343	0	1	1	2	12	0	1	25
MAG344	0	2	1	3	8	0	0	28
MAG345	0	1	1	4	7	0	1	29
MAG346	0	2	7	3	3	0	1	21
MAG347	0	1	0	1	8	0	2	2
MAG348	0	1	1	1	0	0	1	0
MAG349	0	1	2	2	2	0	2	12
MAG350	0	1	0	1	15	0	3	3
MAG351	0	1	0	0	0	0	0	1
MAG352	0	4	0	2	5	0	1	7
MAG353	0	5	13	5	6	0	1	37
MAG354	0	0	0	0	2	0	1	1
MAG355	0	1	11	3	11	0	3	19
MAG356	0	2	7	2	4	0	0	17
MAG357	0	4	1	18	15	2	1	28
MAG358	0	12	3	13	31	0	2	43
MAG359	0	5	5	6	14	0	5	37
MAG360	0	2	0	3	6	0	0	4
MAG361	0	2	1	3	5	1	1	7
MAG362	0	10	6	9	5	1	2	14
MAG363	0	2	5	7	4	0	0	13
MAG364	0	2	1	9	7	0	2	6
MAG365	0	1	8	6	5	0	1	29
MAG366	0	11	3	9	16	0	1	6
MAG367	0	4	0	4	6	2	0	14
MAG368	0	2	7	0	0	1	0	4
MAG369	0	5	0	2	10	0	0	2
MAG370	0	1	0	5	13	0	1	10
MAG371	0	1	3	1	3	0	1	24
MAG372	0	3	3	3	5	0	3	38
MAG373	0	2	19	5	9	0	1	20
MAG374	0	6	1	4	12	0	0	8
MAG375	0	1	1	3	6	0	0	9
MAG376	0	10	2	3	13	1	0	6
MAG377	0	5	2	2	5	0	3	26
MAG378	0	7	0	4	11	0	1	1
MAG379	0	4	14	2	5	0	2	50
MAG380	0	10	3	5	16	1	0	4
MAG381	0	4	1	2	7	0	1	2
MAG382	0	5	1	2	3	0	0	6
MAG383	0	0	0	0	0	0	0	2
MAG384	0	2	6	0	7	0	1	26
MAG385	0	2	0	2	3	0	0	1
MAG386	0	4	2	3	10	0	1	23
MAG387	0	3	1	2	1	0	2	24
MAG388	0	2	0	2	11	0	1	2
MAG389	0	3	3	0	4	0	2	34
MAG390	0	3	1	11	21	0	1	16
MAG391	0	1	0	1	7	0	2	3
MAG392	0	3	0	1	3	0	1	4
MAG393	0	1	2	6	4	1	1	9
MAG394	0	10	3	11	18	1	3	8
MAG395	0	0	1	1	2	0	1	11
MAG396	0	1	4	6	0	0	1	3
MAG397	0	4	1	5	11	0	0	13
MAG398	0	3	2	4	4	1	1	8
MAG399	0	2	5	9	8	0	1	14
MAG400	0	2	0	1	10	0	1	2
MAG401	0	1	0	1	4	0	2	2
MAG402	0	3	3	9	7	0	3	12
MAG403	0	6	12	4	2	0	0	23
MAG404	0	0	3	0	6	0	1	15
MAG405	0	11	4	12	8	0	2	16
MAG406	0	6	18	12	10	0	4	28
MAG407	0	12	2	6	14	1	0	9
MAG408	0	3	0	1	12	0	1	4
MAG409	0	13	0	3	9	0	0	7
MAG410	0	2	9	2	6	0	2	41
MAG411	0	8	5	14	11	1	1	21
MAG412	0	3	3	8	10	1	0	10
MAG413	0	1	0	0	0	0	0	1
MAG414	0	7	17	13	10	0	3	59
MAG415	1	2	4	2	6	0	4	28
MAG416	0	21	34	17	17	0	9	63
MAG417	0	0	12	5	9	0	3	13
MAG418	0	0	7	5	7	1	1	6
MAG419	0	1	2	9	4	0	1	10
MAG420	0	6	9	3	6	0	2	13
MAG421	0	9	5	6	4	0	4	10
MAG422	0	19	46	20	29	0	7	95
MAG423	0	3	1	3	7	0	1	7
MAG424	0	2	0	2	11	0	1	6
MAG425	0	2	0	2	15	1	1	7
MAG426	0	2	5	7	4	0	0	9
MAG427	0	3	0	1	3	0	1	3
MAG428	0	5	10	7	2	0	5	8
MAG429	0	1	0	1	0	0	2	1
MAG430	0	7	36	14	20	1	2	18
MAG431	0	9	24	27	30	0	3	80
MAG432	0	3	3	5	10	0	1	11
MAG433	0	6	2	5	4	0	2	5
MAG434	0	3	11	6	3	0	4	11
MAG435	0	3	4	4	4	0	0	7
MAG436	0	2	3	0	3	0	0	8
MAG437	0	2	2	0	0	0	1	5
MAG438	0	3	0	5	45	0	1	8
MAG439	0	2	8	2	5	0	3	26
MAG440	0	2	0	2	12	0	1	1
MAG441	0	0	0	1	11	0	1	0
MAG442	0	4	13	3	6	0	0	15
MAG443	0	3	1	5	8	0	2	4
MAG444	0	4	1	3	7	0	1	6
MAG445	0	1	1	0	6	0	1	10
MAG446	0	3	6	1	2	0	1	7
MAG447	0	2	9	2	3	0	1	21
MAG448	0	1	4	3	3	0	3	5
MAG449	0	4	0	2	2	0	1	14
MAG450	0	0	3	1	5	0	1	3
MAG451	0	3	2	0	7	0	2	10
MAG452	1	1	18	5	5	0	4	22
MAG453	0	1	4	3	5	0	0	6
MAG454	0	7	1	6	4	1	1	13
MAG455	0	1	0	0	0	0	0	1
MAG456	0	1	0	0	0	0	0	1
MAG457	0	2	0	0	1	0	1	6
MAG458	0	2	1	2	2	0	0	6
MAG459	0	3	1	1	4	0	1	6
MAG460	0	2	1	0	3	0	0	9
MAG461	0	5	4	3	2	0	1	4
MAG462	0	3	5	2	5	0	1	24
MAG463	0	6	0	7	6	1	0	13
MAG464	0	0	0	3	2	0	1	4
MAG465	0	2	5	4	6	0	0	34
MAG466	0	0	5	0	1	1	0	4
MAG467	0	4	5	5	2	0	2	4
MAG469	0	5	3	8	3	0	1	14
MAG470	0	5	3	5	7	1	0	7
MAG471	0	2	0	1	16	0	1	3
MAG472	0	1	0	0	0	0	0	1
MAG473	0	2	6	3	10	0	0	29
MAG474	0	4	11	6	5	0	4	50
MAG475	0	5	1	13	24	1	1	33
MAG476	0	2	6	4	4	0	0	9
MAG477	0	3	3	5	2	0	1	19
MAG478	0	6	2	8	19	0	3	20
MAG479	0	1	0	2	4	0	0	7
MAG480	0	3	4	3	5	0	4	21
MAG481	0	0	0	0	0	0	0	1
MAG482	0	3	3	1	6	0	2	1
MAG483	0	2	4	3	6	0	1	6
MAG484	0	0	0	1	6	0	1	3
MAG485	0	3	7	1	7	0	1	31
MAG486	0	2	0	1	1	0	0	7
MAG487	0	3	0	3	30	0	1	3
MAG488	0	1	2	2	7	0	0	6
MAG489	0	1	0	2	1	0	1	3
MAG490	0	1	0	1	12	0	1	1
MAG491	0	0	6	0	2	0	1	5
MAG492	0	4	3	3	7	0	1	4
MAG493	0	0	1	0	0	0	1	10
MAG494	0	0	0	0	2	0	0	1
MAG495	0	2	2	3	5	0	0	6
MAG496	0	0	2	0	1	0	0	8
MAG497	0	2	3	2	1	0	0	5
MAG498	0	2	1	2	10	0	2	7
MAG499	0	0	5	1	7	0	0	5
MAG500	0	5	12	1	3	0	1	29
MAG501	0	4	0	7	24	0	1	9
MAG502	0	3	2	4	5	0	1	7
MAG503	0	4	10	2	4	0	1	13
MAG504	0	0	0	0	0	0	0	2
MAG505	0	4	1	4	18	0	2	9
MAG506	0	3	7	1	5	0	1	25
MAG507	0	2	1	3	15	0	1	10
MAG508	1	1	3	3	5	0	1	10
MAG509	0	3	1	4	13	0	0	8
MAG510	0	1	0	0	0	0	1	1
MAG511	0	2	2	2	2	0	1	6
MAG512	0	1	0	3	15	0	1	3
MAG513	0	1	0	0	0	0	0	1
MAG514	0	0	3	2	3	0	0	5
MAG515	0	1	0	0	0	0	1	2
MAG516	0	1	4	3	1	0	2	5
MAG517	0	1	4	1	7	0	0	9
MAG518	0	3	21	1	5	0	1	14
MAG519	0	2	2	4	10	0	2	2
MAG520	0	4	1	1	6	0	1	7
MAG521	0	0	0	0	0	0	0	1
MAG522	0	1	0	3	15	0	2	2
MAG523	0	5	0	3	20	0	1	8
MAG524	0	1	0	0	0	0	1	0
MAG525	0	0	0	0	0	0	0	1
MAG526	0	8	2	8	8	0	1	11
MAG527	0	3	9	9	7	0	0	10
MAG528	0	1	6	1	3	0	0	7
MAG529	0	1	0	1	3	0	3	3
MAG530	0	6	4	8	7	0	0	10
MAG531	0	4	4	4	7	0	0	9
MAG532	0	2	7	4	4	0	1	19
MAG533	0	4	4	6	2	0	3	11
MAG534	0	3	2	3	3	0	1	5
MAG535	0	7	0	2	13	0	2	10
MAG536	0	2	2	4	11	0	4	6
MAG537	0	2	1	7	4	0	1	10
MAG538	0	4	12	8	2	0	1	53
MAG539	0	2	0	2	15	0	1	9
MAG540	0	3	1	4	14	0	1	7
MAG541	0	6	4	7	7	0	0	26
MAG542	0	2	0	2	9	0	0	4
MAG543	0	3	0	2	17	0	2	2
MAG544	0	5	5	9	6	0	3	7
MAG545	0	1	0	2	5	0	2	9
MAG546	0	2	12	3	5	0	1	22
MAG547	0	2	11	5	2	0	1	26
MAG548	0	5	13	8	7	0	6	39
MAG549	0	1	5	5	3	0	2	25
MAG550	0	0	6	4	6	0	2	13
MAG551	0	4	6	13	15	0	0	24
MAG552	0	3	3	5	5	0	1	10
MAG553	0	3	2	9	9	0	2	22
MAG554	0	2	2	3	8	0	1	24
MAG555	0	5	11	2	4	0	2	41
MAG556	0	3	2	4	6	0	0	1
MAG557	0	0	1	3	4	0	0	9
MAG558	0	3	5	4	4	0	3	34
MAG559	0	8	3	3	5	1	0	19
MAG560	1	4	13	5	9	0	2	42
MAG561	0	12	9	6	7	0	0	18
MAG562	0	2	3	9	13	0	2	30
MAG563	0	9	0	8	18	0	0	14
MAG564	0	3	8	5	5	0	1	35
MAG565	0	3	1	1	15	0	1	3
